﻿<?xml version="1.0" encoding="utf-8" ?>
<Defs>

  <!-- ============= Art ============= -->
  
  <WorkGiverDef>
    <defName>MusicPlay</defName>
    <label>perform music</label>
    <giverClass>MusicalInstruments.WorkGiver_MusicPlay</giverClass>
    <workType>Art</workType>
    <priorityInType>50</priorityInType>
    <verb>perform</verb>
    <gerund>performing at</gerund>
    <requiredCapacities>
      <li>Manipulation</li>
      <li>Hearing</li>
    </requiredCapacities>   
  </WorkGiverDef>
  
</Defs>