﻿<?xml version="1.0" encoding="utf-8" ?>
<Defs>

  <ThingDef Name="MusicalInstrumentBase" Abstract="true">
    <label>musicalinstrumentbase</label>
    <thingClass>ThingWithComps</thingClass>
    <category>Item</category>
    <useHitPoints>true</useHitPoints>
    <selectable>true</selectable>
    <rotatable>true</rotatable>
    <statBases>
      <MaxHitPoints>50</MaxHitPoints>
      <Flammability>0.7</Flammability>
      <DeteriorationRate>2.0</DeteriorationRate>
      <Beauty>1</Beauty>
      <SellPriceFactor>0.50</SellPriceFactor>
    </statBases>
    <graphicData>
      <graphicClass>Graphic_Single</graphicClass>
      <allowFlip>true</allowFlip>
      <drawRotated>true</drawRotated>
      <flipExtraRotation>90</flipExtraRotation>
    </graphicData>
    <altitudeLayer>Item</altitudeLayer>
    <tickerType>Never</tickerType>
    <alwaysHaulable>true</alwaysHaulable>
    <smeltable>true</smeltable>
    <comps>
      <li Class="CompProperties_Forbiddable"/>
      <li>
        <compClass>CompQuality</compClass>
      </li>
      <li Class="CompProperties_Art">
        <nameMaker>NamerArtMusicalInstrument</nameMaker>
        <descriptionMaker>ArtDescription_MusicalInstrument</descriptionMaker>
        <minQualityForArtistic>Excellent</minQualityForArtistic>
      </li>
      <li Class="CompProperties_Usable">
        <useJob>TakeInstrument</useJob>
        <useLabel>Take to inventory</useLabel>
      </li>
    </comps>
    <inspectorTabs>
      <li>ITab_Art</li>
    </inspectorTabs>
    <thingCategories>
      <li>MusicalInstruments</li>
    </thingCategories>
    <pathCost>10</pathCost>
  </ThingDef>

  <ThingDef ParentName="MusicalInstrumentBase">
    <label>frame drum</label>
    <defName>FrameDrum</defName>
    <description>A simple rhythmic percussion instrument made from leather stretched over a wooden frame.</description>
    <graphicData>
      <texPath>Things/Items/FrameDrum</texPath>
    </graphicData>
    <techLevel>Neolithic</techLevel>
    <statBases>
      <WorkToMake>9000</WorkToMake>
      <Mass>3</Mass>
    </statBases>
    <costList>
      <WoodLog>15</WoodLog>
    </costList>
    <stuffCategories>
      <li>Leathery</li>
    </stuffCategories>
    <costStuffCount>30</costStuffCount>  
    <recipeMaker>
      <workSpeedStat>GeneralLaborSpeed</workSpeedStat>
      <workSkill>Artistic</workSkill>
      <unfinishedThingDef>UnfinishedSculpture</unfinishedThingDef>
      <effectWorking>Sculpt</effectWorking>
      <soundWorking>Recipe_Sculpt</soundWorking>
      <recipeUsers>
        <li>TableSculpting</li>
      </recipeUsers>
      <researchPrerequisite>PrimitiveInstruments</researchPrerequisite>
    </recipeMaker>
    <comps>
      <li Class="MusicalInstruments.CompProperties_MusicalInstrument">
        <compClass>MusicalInstruments.CompMusicalInstrument</compClass>
        <easiness>0.5</easiness>
        <expressiveness>0.3</expressiveness>
        <xOffset>0.1</xOffset>
        <zOffset>-0.2</zOffset>
        <xOffsetFacing>0.0</xOffsetFacing>
      </li>
    </comps>
  </ThingDef>
  
  <ThingDef ParentName="MusicalInstrumentBase">
    <label>ocarina</label>
    <defName>Ocarina</defName>
    <description>A simple wind instrument with a haunting tone, carved from a single piece of material.</description>
    <graphicData>
      <texPath>Things/Items/Ocarina</texPath>
    </graphicData>
    <techLevel>Neolithic</techLevel>
    <statBases>
      <WorkToMake>15000</WorkToMake>
      <Mass>0.5</Mass>
    </statBases>
    <stuffCategories>
      <li>Metallic</li>
      <li>Woody</li>
      <li>Stony</li>
    </stuffCategories>
    <costStuffCount>5</costStuffCount>
    <recipeMaker>
      <workSpeedStat>GeneralLaborSpeed</workSpeedStat>
      <workSkill>Artistic</workSkill>
      <unfinishedThingDef>UnfinishedSculpture</unfinishedThingDef>
      <effectWorking>Sculpt</effectWorking>
      <soundWorking>Recipe_Sculpt</soundWorking>
      <recipeUsers>
        <li>TableSculpting</li>
      </recipeUsers>
      <researchPrerequisite>PrimitiveInstruments</researchPrerequisite>
      <defaultIngredientFilter>
        <categories>
          <li>Root</li>
        </categories>
        <disallowedThingDefs>
          <li>Gold</li>
          <li>Silver</li>
          <li>Plasteel</li>
          <li>Uranium</li>
        </disallowedThingDefs>
      </defaultIngredientFilter>
    </recipeMaker>
    <comps>
      <li Class="MusicalInstruments.CompProperties_MusicalInstrument">
        <compClass>MusicalInstruments.CompMusicalInstrument</compClass>
        <easiness>0.3</easiness>
        <expressiveness>0.5</expressiveness>
        <xOffset>0.4</xOffset>
        <zOffset>0.1</zOffset>
        <xOffsetFacing>0.1</xOffsetFacing>
        <isWindInstrument>true</isWindInstrument>
      </li>
    </comps>
  </ThingDef>
  
  <ThingDef ParentName="MusicalInstrumentBase">
    <label>guitar</label>
    <defName>Guitar</defName>
    <description>A six-stringed instrument played by picking or strumming. Great for entertaining groups around a campfire.</description>
    <graphicData>
      <texPath>Things/Items/Guitar</texPath>
    </graphicData>
    <techLevel>Medieval</techLevel>
    <statBases>
      <WorkToMake>15000</WorkToMake>
      <Mass>6</Mass>
    </statBases>
    <stuffCategories>
      <li>Metallic</li>
      <li>Woody</li>
    </stuffCategories>
    <costStuffCount>100</costStuffCount>
    <recipeMaker>
      <workSpeedStat>GeneralLaborSpeed</workSpeedStat>
      <workSkill>Artistic</workSkill>
      <unfinishedThingDef>UnfinishedSculpture</unfinishedThingDef>
      <effectWorking>Sculpt</effectWorking>
      <soundWorking>Recipe_Sculpt</soundWorking>
      <recipeUsers>
        <li>TableSculpting</li>
      </recipeUsers>
      <researchPrerequisite>StringedInstruments</researchPrerequisite>
      <defaultIngredientFilter>
        <categories>
          <li>Root</li>
        </categories>
        <disallowedThingDefs>
          <li>Gold</li>
          <li>Silver</li>
          <li>Plasteel</li>
          <li>Uranium</li>
        </disallowedThingDefs>
      </defaultIngredientFilter>
    </recipeMaker>
    <comps>
      <li Class="MusicalInstruments.CompProperties_MusicalInstrument">
        <compClass>MusicalInstruments.CompMusicalInstrument</compClass>
        <easiness>0.5</easiness>
        <expressiveness>0.5</expressiveness>
        <xOffset>0.2</xOffset>
        <zOffset>-0.2</zOffset>
        <xOffsetFacing>0.0</xOffsetFacing>
      </li>
    </comps>
  </ThingDef>
  
  <ThingDef ParentName="MusicalInstrumentBase">
    <label>violin</label>
    <defName>Violin</defName>
    <description>A four-stringed instrument played with a bow, synonymous with the virtuosos of Old Earth.</description>
    <graphicData>
      <texPath>Things/Items/Violin</texPath>
    </graphicData>
    <techLevel>Medieval</techLevel>
    <statBases>
      <WorkToMake>30000</WorkToMake>
      <Mass>3</Mass>
    </statBases>
    <stuffCategories>
      <li>Metallic</li>
      <li>Woody</li>
    </stuffCategories>
    <costStuffCount>50</costStuffCount>
    <recipeMaker>
      <workSpeedStat>GeneralLaborSpeed</workSpeedStat>
      <workSkill>Artistic</workSkill>
      <unfinishedThingDef>UnfinishedSculpture</unfinishedThingDef>
      <effectWorking>Sculpt</effectWorking>
      <soundWorking>Recipe_Sculpt</soundWorking>
      <recipeUsers>
        <li>TableSculpting</li>
      </recipeUsers>
      <researchPrerequisite>StringedInstruments</researchPrerequisite>
      <defaultIngredientFilter>
        <categories>
          <li>Root</li>
        </categories>
        <disallowedThingDefs>
          <li>Gold</li>
          <li>Silver</li>
          <li>Plasteel</li>
          <li>Uranium</li>
        </disallowedThingDefs>
      </defaultIngredientFilter>
    </recipeMaker>
    <comps>
      <li Class="MusicalInstruments.CompProperties_MusicalInstrument">
        <compClass>MusicalInstruments.CompMusicalInstrument</compClass>
        <easiness>0.1</easiness>
        <expressiveness>0.9</expressiveness>
        <xOffset>0.4</xOffset>
        <zOffset>0</zOffset>
        <xOffsetFacing>0.3</xOffsetFacing>
      </li>
    </comps>
  </ThingDef>


</Defs>
